{
    "train": {
        "mse": 28.756103764064335,
        "r2": 0.31199251600699496
    },
    "val": {
        "mse": 26.12002342548295,
        "r2": 0.32918434206820524
    },
    "test": {
        "mse": 28.621829386267706,
        "r2": 0.310183305251891
    }
}