{
    "train": {
        "mse": 28.967185532331065,
        "r2": 0.3130136862152103
    },
    "val": {
        "mse": 28.392746462203835,
        "r2": 0.3174764277102201
    },
    "test": {
        "mse": 27.620330754928663,
        "r2": 0.34323130676750735
    }
}